,CITY,STATE,POP_GDP,RURAL_URBAN,LONG,LAT,GDP,GDP_CAPITA,COMP_A,COMP_B,COMP_C,COMP_D,COMP_E,COMP_F,COMP_G,COMP_H,COMP_I,COMP_J,COMP_K,COMP_L,COMP_M,COMP_N,COMP_O,COMP_P,COMP_Q,COMP_R,COMP_S,COMP_T,COMP_U,HOTELS,municipio_estado
20,Acaraú,CE,61715.0,Rural Adjacente,-40.11824147,-2.88531054,580727.43,9409.83,41.0,1.0,38.0,8.0,0.0,6.0,363.0,7.0,28.0,3.0,0.0,6.0,9.0,14.0,2.0,71.0,17.0,6.0,18.0,0.0,0.0,,Acaraú/CE
95,Alcântara,MA,21667.0,Rural Adjacente,-44.41701254,-2.403276525,117494.58,5422.74,3.0,0.0,3.0,0.0,0.0,8.0,32.0,3.0,4.0,0.0,0.0,0.0,0.0,4.0,2.0,3.0,2.0,2.0,58.0,0.0,0.0,1.0,Alcântara/MA
99,Alcobaça,BA,23331.0,Rural Adjacente,-39.19421432,-17.51893334,260134.12,11149.72,7.0,0.0,6.0,0.0,0.0,4.0,98.0,8.0,22.0,0.0,0.0,0.0,3.0,4.0,2.0,4.0,0.0,2.0,16.0,0.0,0.0,,Alcobaça/BA
203,Amontada,CE,42508.0,Rural Adjacente,-39.82882279,-3.364877803,421576.03,9917.57,6.0,1.0,6.0,1.0,1.0,6.0,130.0,0.0,21.0,1.0,1.0,1.0,1.0,4.0,3.0,9.0,1.0,0.0,15.0,0.0,0.0,1.0,Amontada/CE
290,Aquiraz,CE,78438.0,Urbano,-38.38980296,-3.9061945,2144231.95,27336.65,17.0,5.0,130.0,0.0,6.0,75.0,463.0,38.0,99.0,15.0,9.0,19.0,33.0,122.0,6.0,19.0,14.0,15.0,47.0,0.0,0.0,2.0,Aquiraz/CE
294,Aracaju,SE,641523.0,Urbano,-37.04821264,-10.907215800000001,16498482.1,25717.68,23.0,14.0,721.0,5.0,21.0,717.0,5262.0,358.0,1078.0,349.0,182.0,287.0,1081.0,1634.0,38.0,565.0,971.0,265.0,963.0,0.0,0.0,,Aracaju/SE
297,Aracati,CE,73188.0,Urbano,-37.772752600000004,-4.56706647,1214576.83,16595.3,62.0,0.0,79.0,1.0,3.0,31.0,545.0,16.0,156.0,13.0,3.0,16.0,29.0,34.0,3.0,25.0,25.0,11.0,38.0,0.0,0.0,3.0,Aracati/CE
305,Aracruz,ES,96746.0,Urbano,-40.27622338,-19.82327774,4609368.68,47644.02,31.0,21.0,209.0,1.0,9.0,119.0,779.0,113.0,157.0,36.0,29.0,18.0,136.0,139.0,3.0,114.0,100.0,38.0,126.0,0.0,0.0,4.0,Aracruz/ES
321,Araioses,MA,45680.0,Rural Adjacente,-41.89913945,-2.889255846,259.12,5672.48,2.0,0.0,8.0,0.0,0.0,1.0,123.0,1.0,5.0,0.0,1.0,0.0,2.0,3.0,2.0,2.0,2.0,0.0,6.0,0.0,0.0,1.0,Araioses/MA
368,Areia Branca,RN,27176.0,Urbano,-37.13127172,-4.952897631,493891.88,18173.83,3.0,9.0,25.0,6.0,1.0,18.0,184.0,22.0,24.0,4.0,1.0,2.0,4.0,14.0,2.0,7.0,5.0,3.0,14.0,0.0,0.0,1.0,Areia Branca/RN
455,Baía Formosa,RN,9247.0,Intermediário Adjacente,-35.00903618,-6.369992304,131.15,14182.44,3.0,0.0,4.0,0.0,0.0,8.0,30.0,5.0,17.0,0.0,0.0,1.0,2.0,2.0,2.0,8.0,1.0,1.0,4.0,0.0,0.0,,Baía Formosa/RN
513,Barra De Santo Antônio,AL,15909.0,Urbano,-35.5002981,-9.409278109,171194.59,10760.86,2.0,0.0,2.0,0.0,2.0,3.0,44.0,2.0,12.0,0.0,0.0,1.0,1.0,5.0,3.0,3.0,2.0,0.0,3.0,0.0,0.0,2.0,Barra De Santo Antônio/AL
515,Barra De São Miguel,AL,8336.0,Rural Adjacente,-35.90744987,-9.838998252,157937.2,18946.4,1.0,0.0,1.0,0.0,2.0,14.0,43.0,4.0,32.0,2.0,4.0,6.0,8.0,25.0,2.0,7.0,2.0,3.0,9.0,0.0,0.0,1.0,Barra De São Miguel/AL
532,Barra Dos Coqueiros,SE,29248.0,Urbano,-37.04124155,-10.90679925,367.69,12571.31,4.0,0.0,20.0,0.0,0.0,21.0,84.0,21.0,28.0,9.0,2.0,6.0,9.0,30.0,6.0,9.0,5.0,6.0,18.0,0.0,0.0,,Barra Dos Coqueiros/SE
544,Barreirinhas,MA,61621.0,Rural Remoto,-42.82780251,-2.750085949,448872.79,7284.41,1.0,0.0,8.0,0.0,2.0,8.0,221.0,10.0,56.0,1.0,1.0,0.0,2.0,33.0,2.0,8.0,5.0,4.0,28.0,0.0,0.0,14.0,Barreirinhas/MA
545,Barreiros,PE,42331.0,Urbano,-35.19908599,-8.81413799,410872.28,9706.18,3.0,1.0,26.0,0.0,0.0,12.0,274.0,15.0,24.0,4.0,2.0,1.0,10.0,9.0,5.0,9.0,9.0,8.0,28.0,0.0,0.0,,Barreiros/PE
555,Barroquinha,CE,14854.0,Rural Adjacente,-41.13948154,-3.009116746,96733.29,6512.27,2.0,3.0,6.0,0.0,0.0,2.0,121.0,1.0,4.0,3.0,0.0,0.0,4.0,6.0,2.0,18.0,0.0,0.0,15.0,0.0,0.0,,Barroquinha/CE
569,Beberibe,CE,52719.0,Rural Adjacente,-38.12327304,-4.174763221,635112.99,12047.14,28.0,3.0,43.0,1.0,0.0,11.0,254.0,2.0,59.0,1.0,2.0,6.0,11.0,20.0,3.0,7.0,8.0,3.0,29.0,0.0,0.0,4.0,Beberibe/CE
589,Belmonte,BA,23891.0,Intermediário Adjacente,-38.88030324,-15.86139649,284368.39,11902.74,6.0,2.0,11.0,0.0,1.0,3.0,145.0,0.0,19.0,3.0,0.0,0.0,2.0,7.0,2.0,21.0,3.0,1.0,15.0,0.0,0.0,,Belmonte/BA
774,Brejo Grande,SE,8271.0,Rural Adjacente,-36.47182024,-10.41894331,76170.46,9209.34,0.0,0.0,1.0,0.0,0.0,1.0,10.0,0.0,2.0,0.0,0.0,0.0,0.0,1.0,4.0,0.0,0.0,0.0,7.0,0.0,0.0,,Brejo Grande/SE
825,Cabedelo,PB,66858.0,Urbano,-34.83943002,-6.966983063,2488279.38,37217.38,1.0,1.0,129.0,0.0,7.0,115.0,482.0,40.0,73.0,6.0,8.0,13.0,20.0,347.0,4.0,32.0,15.0,20.0,57.0,0.0,0.0,2.0,Cabedelo/PB
827,Cabo De Santo Agostinho,PE,202636.0,Urbano,-35.03848897,-8.28986423,8811690.1,43485.31,6.0,4.0,185.0,1.0,7.0,84.0,840.0,151.0,169.0,23.0,8.0,20.0,54.0,101.0,5.0,153.0,67.0,18.0,151.0,0.0,0.0,,Cabo De Santo Agostinho/PE
885,Caiçara Do Norte,RN,6606.0,Intermediário Adjacente,-36.05585715,-5.062994409,61484.77,9307.41,4.0,0.0,1.0,2.0,0.0,1.0,22.0,1.0,1.0,1.0,0.0,1.0,0.0,1.0,2.0,0.0,0.0,0.0,0.0,0.0,0.0,,Caiçara Do Norte/RN
889,Cairu,BA,17985.0,Rural Adjacente,-39.04325436,-13.487603400000001,452557.23,25163.04,2.0,1.0,7.0,0.0,2.0,8.0,123.0,18.0,273.0,3.0,1.0,13.0,1.0,36.0,2.0,14.0,1.0,5.0,24.0,0.0,0.0,3.0,Cairu/BA
915,Camaçari,BA,292074.0,Urbano,-38.32574006,-12.69881676,21935897.2,75103.9,14.0,7.0,422.0,0.0,25.0,233.0,1774.0,237.0,296.0,51.0,17.0,47.0,225.0,483.0,3.0,147.0,140.0,48.0,183.0,0.0,0.0,1.0,Camaçari/BA
918,Camamu,BA,36543.0,Rural Adjacente,-39.10056972,-13.94707634,338646.13,9267.06,8.0,1.0,32.0,0.0,0.0,11.0,260.0,16.0,13.0,4.0,0.0,0.0,12.0,20.0,1.0,8.0,11.0,1.0,42.0,0.0,0.0,,Camamu/BA
1011,Canavieiras,BA,33130.0,Urbano,-38.94737587,-15.67977748,309233.2,9333.93,16.0,1.0,18.0,0.0,0.0,14.0,278.0,3.0,33.0,4.0,0.0,3.0,5.0,21.0,2.0,16.0,9.0,11.0,34.0,0.0,0.0,1.0,Canavieiras/BA
1028,Canguaretama,RN,33949.0,Urbano,-35.12853966,-6.374925216,411020.99,12107.01,22.0,0.0,15.0,0.0,2.0,9.0,167.0,29.0,46.0,1.0,0.0,3.0,7.0,14.0,3.0,30.0,3.0,6.0,7.0,0.0,0.0,1.0,Canguaretama/RN
1103,Caravelas,BA,22646.0,Rural Adjacente,-39.25338222,-17.73337053,392261.34,17321.44,10.0,1.0,4.0,0.0,1.0,2.0,81.0,11.0,17.0,0.0,0.0,0.0,2.0,7.0,3.0,2.0,2.0,3.0,12.0,0.0,0.0,,Caravelas/BA
1161,Cascavel,CE,70574.0,Urbano,-38.23968594,-4.1314336780000005,871732.57,12352.04,24.0,2.0,102.0,0.0,3.0,23.0,516.0,18.0,66.0,12.0,3.0,8.0,25.0,32.0,3.0,16.0,20.0,9.0,46.0,0.0,0.0,1.0,Cascavel/CE
1200,Caucaia,CE,358164.0,Urbano,-38.66401754,-3.7364870000000003,5435899.18,15177.12,13.0,16.0,560.0,1.0,12.0,196.0,1506.0,91.0,261.0,31.0,17.0,33.0,68.0,282.0,3.0,230.0,66.0,43.0,154.0,0.0,0.0,3.0,Caucaia/CE
1207,Ceará-Mirim,RN,73370.0,Urbano,-35.42448693,-5.640983592,786395.35,10718.21,31.0,5.0,49.0,0.0,2.0,71.0,356.0,14.0,38.0,1.0,10.0,9.0,11.0,26.0,3.0,64.0,12.0,9.0,25.0,0.0,0.0,1.0,Ceará-Mirim/RN
1326,Conceição Da Barra,ES,31353.0,Intermediário Adjacente,-39.72747442,-18.5984623,420398.62,13408.56,13.0,2.0,17.0,0.0,1.0,7.0,135.0,31.0,49.0,4.0,1.0,1.0,10.0,14.0,3.0,26.0,6.0,4.0,35.0,0.0,0.0,1.0,Conceição Da Barra/ES
1351,Conde,BA,26412.0,Rural Adjacente,-37.60697798,-11.81343176,253865.19,9611.74,3.0,0.0,15.0,0.0,0.0,3.0,117.0,6.0,25.0,1.0,1.0,2.0,6.0,5.0,2.0,0.0,4.0,0.0,6.0,0.0,0.0,1.0,Conde/BA
1352,Conde,PB,24380.0,Urbano,-34.90715134,-7.263571827000001,592562.97,24305.29,6.0,0.0,37.0,0.0,2.0,36.0,105.0,7.0,50.0,2.0,3.0,10.0,7.0,36.0,5.0,19.0,3.0,3.0,17.0,0.0,0.0,3.0,Conde/PB
1430,Coruripe,AL,57079.0,Urbano,-36.17607831,-10.12654725,1551618.91,27183.71,17.0,0.0,40.0,0.0,2.0,10.0,342.0,70.0,41.0,7.0,1.0,4.0,9.0,17.0,4.0,25.0,14.0,2.0,20.0,0.0,0.0,,Coruripe/AL
1521,Cururupu,MA,30805.0,Intermediário Adjacente,-44.86776162,-1.825520781,201698.71,6547.6,0.0,0.0,8.0,0.0,1.0,3.0,139.0,2.0,4.0,1.0,0.0,0.0,3.0,3.0,3.0,4.0,6.0,1.0,14.0,0.0,0.0,,Cururupu/MA
1671,Entre Rios,BA,43172.0,Intermediário Adjacente,-38.07877702,-11.93726137,467.04,10818.03,56.0,0.0,20.0,0.0,2.0,20.0,285.0,23.0,54.0,2.0,1.0,3.0,12.0,22.0,3.0,37.0,9.0,3.0,61.0,0.0,0.0,2.0,Entre Rios/BA
1707,Esplanada,BA,37085.0,Intermediário Adjacente,-37.94498147,-11.7994095,489787.07,13207.15,6.0,2.0,42.0,0.0,0.0,17.0,207.0,19.0,28.0,4.0,2.0,2.0,14.0,19.0,5.0,13.0,16.0,5.0,25.0,0.0,0.0,1.0,Esplanada/BA
1710,Estância,SE,68846.0,Urbano,-37.44001085,-11.26794865,1498165.4,21761.11,4.0,2.0,67.0,1.0,3.0,22.0,378.0,38.0,49.0,12.0,7.0,11.0,28.0,41.0,5.0,17.0,36.0,12.0,68.0,0.0,0.0,,Estância/SE
1733,Extremoz,RN,27933.0,Urbano,-35.31402543,-5.702709936000001,352173.22,12607.78,11.0,1.0,21.0,0.0,1.0,41.0,125.0,8.0,22.0,3.0,0.0,11.0,6.0,25.0,2.0,13.0,5.0,10.0,5.0,0.0,0.0,,Extremoz/RN
1768,Feliz Deserto,AL,4777.0,Intermediário Adjacente,-36.30718752,-10.29238062,105687.93,22124.33,0.0,0.0,1.0,0.0,0.0,0.0,20.0,2.0,0.0,0.0,0.0,0.0,1.0,0.0,2.0,1.0,0.0,0.0,2.0,0.0,0.0,,Feliz Deserto/AL
1831,Fortaleza,CE,2609716.0,Urbano,-38.58992756,-3.723805035,60141145.2,23045.09,132.0,30.0,5739.0,39.0,111.0,3008.0,20909.0,1627.0,3744.0,1247.0,902.0,1113.0,3321.0,6545.0,120.0,2379.0,2156.0,849.0,3504.0,0.0,1.0,32.0,Fortaleza/CE
1836,Fortim,CE,16115.0,Rural Adjacente,-37.79897549,-4.449804917,140962.94,8747.31,5.0,1.0,5.0,0.0,0.0,8.0,58.0,1.0,17.0,0.0,2.0,9.0,5.0,1.0,2.0,16.0,2.0,1.0,16.0,0.0,0.0,,Fortim/CE
1871,Fundão,ES,20376.0,Urbano,-40.40376544,-19.93344712,367968.82,18058.93,2.0,2.0,61.0,0.0,1.0,36.0,273.0,47.0,39.0,20.0,7.0,13.0,124.0,87.0,4.0,4.0,14.0,9.0,33.0,0.0,0.0,,Fundão/ES
1921,Goiana,PE,78940.0,Urbano,-34.9983763,-7.559231855,5152498.12,65271.07,52.0,3.0,107.0,0.0,1.0,26.0,501.0,40.0,84.0,8.0,9.0,3.0,17.0,38.0,3.0,35.0,37.0,13.0,53.0,0.0,0.0,2.0,Goiana/PE
2020,Guarapari,ES,121506.0,Urbano,-40.49502102,-20.66597458,2077623.92,17098.94,11.0,4.0,198.0,0.0,11.0,274.0,1400.0,100.0,411.0,55.0,22.0,75.0,137.0,1019.0,4.0,128.0,103.0,49.0,174.0,0.0,0.0,7.0,Guarapari/ES
2072,Humberto De Campos,MA,28252.0,Rural Remoto,-43.46509214,-2.591223972,136625.56,4835.96,0.0,0.0,0.0,0.0,0.0,1.0,45.0,1.0,2.0,0.0,0.0,0.0,1.0,1.0,2.0,0.0,1.0,0.0,2.0,0.0,0.0,,Humberto De Campos/MA
2127,Icapuí,CE,19554.0,Rural Adjacente,-37.3535631,-4.715549488,245504.74,12555.22,12.0,0.0,27.0,0.0,2.0,7.0,337.0,14.0,52.0,1.0,0.0,1.0,9.0,7.0,7.0,3.0,1.0,7.0,7.0,0.0,0.0,2.0,Icapuí/CE
2151,Igrapiúna,BA,14288.0,Rural Adjacente,-39.14008079999999,-13.82040244,177432.73,12418.3,10.0,0.0,7.0,1.0,0.0,1.0,33.0,8.0,3.0,2.0,0.0,2.0,2.0,7.0,1.0,2.0,0.0,0.0,10.0,0.0,0.0,,Igrapiúna/BA
2167,Ilha De Itamaracá,PE,25346.0,Urbano,-34.82395057,-7.746573317999999,223192.57,8805.83,3.0,0.0,12.0,0.0,1.0,15.0,73.0,3.0,23.0,5.0,0.0,1.0,2.0,31.0,3.0,6.0,1.0,7.0,15.0,0.0,0.0,1.0,Ilha De Itamaracá/PE
2168,Ilha Grande,PI,9242.0,Rural Adjacente,-41.81977318,-2.854008607,67079.88,7258.16,5.0,1.0,4.0,0.0,0.0,0.0,13.0,1.0,0.0,1.0,1.0,0.0,1.0,2.0,2.0,10.0,1.0,2.0,3.0,0.0,0.0,,Ilha Grande/PI
2171,Ilhéus,BA,178210.0,Urbano,-39.04318429,-14.79332027,3874969.51,21743.84,29.0,11.0,181.0,0.0,10.0,136.0,1266.0,69.0,306.0,36.0,37.0,31.0,114.0,256.0,3.0,153.0,150.0,34.0,200.0,0.0,0.0,2.0,Ilhéus/BA
2241,Ipojuca,PE,92965.0,Urbano,-35.06347194,-8.3969865,10733637.88,115458.91,6.0,3.0,69.0,0.0,4.0,30.0,522.0,58.0,348.0,5.0,2.0,14.0,21.0,120.0,3.0,30.0,14.0,18.0,65.0,0.0,0.0,33.0,Ipojuca/PE
2299,Itacaré,BA,28013.0,Rural Adjacente,-38.99484155,-14.27824929,263244.55,9397.23,10.0,0.0,10.0,0.0,0.0,20.0,219.0,3.0,190.0,5.0,2.0,3.0,10.0,26.0,2.0,21.0,7.0,6.0,22.0,0.0,0.0,23.0,Itacaré/BA
2359,Itaparica,BA,22744.0,Urbano,-38.68403031,-12.88148905,209874.65,9227.69,0.0,0.0,4.0,0.0,1.0,5.0,84.0,3.0,24.0,0.0,0.0,0.0,2.0,15.0,2.0,8.0,4.0,2.0,9.0,0.0,0.0,,Itaparica/BA
2377,Itapipoca,CE,126234.0,Urbano,-39.58348158,-3.4994355,1326962.44,10511.93,6.0,3.0,65.0,0.0,2.0,33.0,712.0,8.0,43.0,18.0,3.0,4.0,25.0,24.0,7.0,125.0,47.0,21.0,305.0,0.0,0.0,1.0,Itapipoca/CE
2393,Itaporanga D'Ajuda,SE,33713.0,Rural Adjacente,-37.30782693,-10.99673277,753437.11,22348.56,9.0,15.0,12.0,0.0,1.0,8.0,106.0,14.0,12.0,3.0,1.0,1.0,10.0,10.0,4.0,5.0,4.0,2.0,19.0,0.0,0.0,,Itaporanga D'Ajuda/SE
2408,Itarema,CE,40822.0,Rural Adjacente,-39.91567775,-2.923348,432677.95,10599.14,9.0,0.0,21.0,2.0,2.0,7.0,150.0,2.0,24.0,0.0,0.0,1.0,3.0,4.0,1.0,48.0,4.0,1.0,11.0,0.0,0.0,1.0,Itarema/CE
2440,Ituberá,BA,29273.0,Intermediário Adjacente,-39.14904249,-13.73615691,325394.11,11115.84,11.0,0.0,23.0,0.0,0.0,6.0,168.0,14.0,17.0,5.0,1.0,0.0,18.0,38.0,2.0,55.0,6.0,4.0,23.0,0.0,0.0,1.0,Ituberá/BA
2461,Jaboatão Dos Guararapes,PE,691125.0,Urbano,-34.92117347,-8.165391467000001,13470923.79,19491.3,19.0,6.0,632.0,0.0,34.0,384.0,2972.0,521.0,449.0,82.0,57.0,81.0,246.0,991.0,7.0,338.0,152.0,65.0,461.0,0.0,0.0,3.0,Jaboatão Dos Guararapes/PE
2500,Jaguaripe,BA,18849.0,Rural Adjacente,-38.89141863,-13.11506389,158.94,8432.26,8.0,1.0,8.0,0.0,0.0,0.0,25.0,2.0,10.0,0.0,0.0,3.0,1.0,2.0,2.0,10.0,0.0,0.0,14.0,0.0,0.0,1.0,Jaguaripe/BA
2512,Jandaíra,BA,11092.0,Rural Adjacente,-37.78686849,-11.56574847,194176.96,17506.04,10.0,0.0,8.0,0.0,0.0,9.0,18.0,1.0,10.0,0.0,0.0,3.0,2.0,4.0,4.0,0.0,0.0,0.0,1.0,0.0,0.0,1.0,Jandaíra/BA
2521,Japaratinga,AL,8403.0,Rural Adjacente,-35.25865835,-9.088974354,106844.63,12715.06,0.0,1.0,2.0,0.0,1.0,1.0,33.0,4.0,34.0,1.0,0.0,1.0,4.0,2.0,2.0,2.0,1.0,0.0,0.0,0.0,0.0,1.0,Japaratinga/AL
2566,Jequiá Da Praia,AL,11824.0,Rural Adjacente,-36.02733404,-10.00959189,199958.07,16911.2,2.0,0.0,3.0,0.0,1.0,2.0,44.0,5.0,4.0,0.0,0.0,0.0,1.0,2.0,3.0,0.0,0.0,0.0,2.0,0.0,0.0,,Jequiá Da Praia/AL
2580,Jijoca De Jericoacoara,CE,19224.0,Rural Adjacente,-40.4387354,-2.899682709,260946.45,13573.99,0.0,0.0,16.0,0.0,1.0,12.0,248.0,7.0,225.0,1.0,0.0,6.0,3.0,36.0,2.0,13.0,2.0,4.0,22.0,0.0,0.0,31.0,Jijoca De Jericoacoara/CE
2595,João Pessoa,PB,801718.0,Urbano,-34.87338481,-7.14938202,18716855.39,23345.93,21.0,7.0,784.0,3.0,31.0,1706.0,6295.0,236.0,1228.0,414.0,249.0,331.0,963.0,2772.0,43.0,712.0,757.0,289.0,1068.0,0.0,0.0,22.0,João Pessoa/PB
2751,Lauro De Freitas,BA,194641.0,Urbano,-38.32346161,-12.89671761,6104081.03,31360.72,14.0,6.0,575.0,0.0,14.0,572.0,2500.0,207.0,359.0,162.0,100.0,184.0,647.0,946.0,2.0,193.0,221.0,106.0,310.0,0.0,0.0,,Lauro De Freitas/BA
2786,Linhares,ES,166491.0,Urbano,-40.0653058,-19.39810593,5278676.85,31705.48,63.0,22.0,411.0,1.0,10.0,188.0,1652.0,225.0,246.0,77.0,63.0,63.0,194.0,247.0,3.0,102.0,169.0,55.0,177.0,0.0,0.0,3.0,Linhares/ES
2808,Luís Correia,PI,29683.0,Rural Adjacente,-41.66456723,-2.8815665360000002,258223.52,8699.37,10.0,4.0,9.0,0.0,0.0,5.0,135.0,3.0,44.0,2.0,1.0,3.0,4.0,27.0,2.0,4.0,2.0,1.0,12.0,0.0,0.0,6.0,Luís Correia/PI
2840,Maceió,AL,1021709.0,Urbano,-35.70162991,-9.660822152,21306115.95,20853.41,37.0,7.0,882.0,2.0,49.0,852.0,6708.0,363.0,1403.0,323.0,229.0,285.0,1091.0,1695.0,66.0,709.0,848.0,213.0,1181.0,0.0,0.0,5.0,Maceió/AL
2921,Maragogi,AL,32568.0,Urbano,-35.22301541,-9.015456486,493651.2,15157.55,4.0,1.0,21.0,0.0,0.0,5.0,139.0,7.0,97.0,5.0,0.0,4.0,9.0,26.0,3.0,8.0,2.0,5.0,15.0,0.0,0.0,3.0,Maragogi/AL
2932,Maraú,BA,21246.0,Rural Adjacente,-39.02495176,-14.10553067,231971.62,10918.37,6.0,0.0,7.0,0.0,0.0,8.0,68.0,3.0,83.0,1.0,0.0,8.0,3.0,12.0,2.0,1.0,2.0,0.0,14.0,0.0,0.0,6.0,Maraú/BA
2936,Marcação,PB,8475.0,Rural Adjacente,-35.01392439,-6.770054174,75643.7,8925.51,2.0,0.0,2.0,0.0,0.0,0.0,15.0,1.0,1.0,0.0,0.0,0.0,1.0,1.0,2.0,5.0,0.0,0.0,6.0,0.0,0.0,,Marcação/PB
2945,Marechal Deodoro,AL,51715.0,Urbano,-35.8930687,-9.739155702,1637.08,31655.89,3.0,1.0,45.0,0.0,5.0,29.0,232.0,26.0,143.0,9.0,8.0,9.0,14.0,32.0,3.0,10.0,9.0,12.0,31.0,0.0,0.0,2.0,Marechal Deodoro/AL
2993,Mata De São João,BA,46392.0,Urbano,-38.29729932,-12.52997079,1043733.96,22498.15,14.0,4.0,33.0,1.0,7.0,47.0,336.0,8.0,175.0,7.0,1.0,15.0,22.0,78.0,2.0,36.0,11.0,8.0,37.0,0.0,0.0,2.0,Mata De São João/BA
2998,Mataraca,PB,8345.0,Intermediário Adjacente,-35.04855767,-6.600518654,237384.19,28446.28,2.0,1.0,1.0,2.0,0.0,0.0,32.0,9.0,4.0,1.0,0.0,0.0,1.0,2.0,3.0,1.0,0.0,0.0,4.0,0.0,0.0,,Mataraca/PB
3033,Maxaranguape,RN,12030.0,Rural Adjacente,-35.26207487,-5.505456266,103368.29,8592.54,3.0,0.0,2.0,0.0,0.0,4.0,31.0,5.0,14.0,0.0,0.0,3.0,5.0,10.0,2.0,4.0,0.0,4.0,7.0,0.0,0.0,,Maxaranguape/RN
3207,Mucuri,BA,41587.0,Intermediário Adjacente,-39.54754589,-18.08853974,1991625.81,47890.59,21.0,4.0,31.0,0.0,0.0,14.0,236.0,68.0,51.0,4.0,2.0,4.0,14.0,20.0,2.0,37.0,27.0,5.0,32.0,0.0,0.0,,Mucuri/BA
3240,Natal,RN,877662.0,Urbano,-35.25225473,-5.7508985379999995,21845480.68,24890.54,57.0,16.0,1156.0,21.0,37.0,1770.0,7592.0,382.0,1682.0,430.0,300.0,551.0,1454.0,2453.0,44.0,844.0,1165.0,333.0,1243.0,0.0,0.0,21.0,Natal/RN
3265,Nilo Peçanha,BA,14279.0,Rural Adjacente,-39.11298551,-13.60449442,129703.98,9083.55,1.0,1.0,9.0,0.0,0.0,3.0,29.0,1.0,3.0,1.0,0.0,0.0,1.0,0.0,3.0,28.0,1.0,0.0,3.0,0.0,0.0,,Nilo Peçanha/BA
3272,Nísia Floresta,RN,26994.0,Intermediário Adjacente,-35.21130956,-6.090714146,338078.94,12524.23,23.0,0.0,20.0,0.0,0.0,31.0,89.0,10.0,45.0,3.0,1.0,6.0,6.0,56.0,2.0,4.0,1.0,7.0,8.0,0.0,0.0,,Nísia Floresta/RN
3286,Nossa Senhora Do Socorro,SE,179661.0,Urbano,-37.12849613,-10.84875418,2343769.77,13045.51,6.0,1.0,186.0,0.0,4.0,70.0,533.0,60.0,74.0,11.0,3.0,8.0,21.0,71.0,4.0,98.0,23.0,21.0,45.0,0.0,0.0,,Nossa Senhora Do Socorro/SE
3390,Nova Viçosa,BA,43648.0,Urbano,-39.37201154,-17.89339178,469825.05,10763.95,26.0,0.0,33.0,0.0,2.0,9.0,284.0,32.0,46.0,0.0,1.0,9.0,11.0,18.0,4.0,34.0,15.0,4.0,41.0,0.0,0.0,2.0,Nova Viçosa/BA
3446,Olinda,PE,390144.0,Urbano,-34.86131039,-7.992660075,5272902.49,13515.27,8.0,4.0,444.0,2.0,24.0,318.0,2124.0,125.0,327.0,154.0,77.0,56.0,395.0,658.0,5.0,287.0,208.0,84.0,285.0,0.0,0.0,10.0,Olinda/PE
3501,Pacatuba,SE,14293.0,Rural Adjacente,-36.64798639,-10.44989976,180520.55,12630.0,1.0,1.0,2.0,0.0,0.0,1.0,13.0,1.0,1.0,0.0,0.0,0.0,2.0,1.0,4.0,12.0,0.0,0.0,10.0,0.0,0.0,,Pacatuba/SE
3569,Paracuru,CE,33665.0,Intermediário Adjacente,-39.02954534,-3.411635009,414773.4,12320.61,8.0,0.0,36.0,1.0,0.0,16.0,199.0,6.0,46.0,10.0,0.0,2.0,9.0,12.0,2.0,8.0,9.0,2.0,12.0,0.0,0.0,1.0,Paracuru/CE
3577,Paraipaba,CE,32256.0,Rural Adjacente,-39.14811553,-3.436196728,411111.56,12745.27,13.0,0.0,20.0,2.0,1.0,10.0,227.0,3.0,31.0,4.0,0.0,4.0,5.0,6.0,3.0,6.0,4.0,1.0,16.0,0.0,0.0,,Paraipaba/CE
3618,Paripueira,AL,13076.0,Urbano,-35.55910518,-9.466313478,154305.84,11800.69,0.0,1.0,6.0,0.0,2.0,28.0,61.0,5.0,19.0,2.0,1.0,5.0,10.0,16.0,2.0,3.0,4.0,2.0,6.0,0.0,0.0,,Paripueira/AL
3622,Parnaíba,PI,150201.0,Urbano,-41.77817059,-2.903360145,1920668.42,12787.32,22.0,7.0,216.0,2.0,9.0,73.0,1368.0,50.0,185.0,37.0,8.0,21.0,68.0,95.0,4.0,186.0,125.0,41.0,119.0,0.0,0.0,13.0,Parnaíba/PI
3623,Parnamirim,RN,248623.0,Urbano,-35.25920907,-5.910369758,5022492.12,20201.24,10.0,2.0,342.0,0.0,14.0,326.0,1776.0,131.0,259.0,38.0,23.0,97.0,136.0,399.0,3.0,181.0,96.0,63.0,178.0,0.0,0.0,2.0,Parnamirim/RN
3638,Passo De Camaragibe,AL,15441.0,Rural Adjacente,-35.49127526,-9.244846658,137833.21,8926.44,2.0,0.0,3.0,0.0,0.0,4.0,42.0,8.0,9.0,0.0,0.0,3.0,2.0,2.0,2.0,1.0,0.0,0.0,1.0,0.0,0.0,1.0,Passo De Camaragibe/AL
3667,Paulino Neves,MA,15779.0,Rural Remoto,-42.54542398,-2.71820599,101439.98,6428.8,0.0,0.0,0.0,1.0,0.0,1.0,23.0,1.0,2.0,0.0,0.0,0.0,0.0,0.0,2.0,35.0,1.0,0.0,3.0,0.0,0.0,,Paulino Neves/MA
3668,Paulista,PE,325590.0,Urbano,-34.88479162,-7.943188,3816.02,11720.31,10.0,0.0,309.0,1.0,11.0,140.0,1334.0,65.0,176.0,64.0,24.0,28.0,132.0,258.0,4.0,193.0,80.0,38.0,140.0,0.0,0.0,1.0,Paulista/PE
3767,Piaçabuçu,AL,18043.0,Rural Adjacente,-36.43435201,-10.40736243,270158.91,14973.06,0.0,0.0,3.0,0.0,0.0,1.0,60.0,1.0,6.0,2.0,0.0,0.0,0.0,2.0,2.0,4.0,2.0,0.0,5.0,0.0,0.0,,Piaçabuçu/AL
3838,Pirambu,SE,9153.0,Rural Adjacente,-36.85974621,-10.74105616,102872.4,11239.2,1.0,1.0,3.0,0.0,0.0,3.0,19.0,2.0,5.0,2.0,1.0,0.0,1.0,6.0,4.0,2.0,2.0,0.0,11.0,0.0,0.0,,Pirambu/SE
3869,Pitimbu,PB,18938.0,Rural Adjacente,-34.81393041,-7.482413396,275183.88,14530.78,4.0,2.0,4.0,0.0,2.0,8.0,35.0,3.0,7.0,1.0,0.0,3.0,0.0,7.0,3.0,1.0,0.0,0.0,8.0,0.0,0.0,2.0,Pitimbu/PB
3958,Porto De Pedras,AL,8055.0,Rural Adjacente,-35.29701522,-9.156086163,94432.24,11723.43,1.0,0.0,6.0,0.0,0.0,4.0,25.0,1.0,12.0,0.0,0.0,0.0,3.0,4.0,1.0,1.0,0.0,0.0,4.0,0.0,0.0,1.0,Porto De Pedras/AL
3976,Porto Seguro,BA,147444.0,Urbano,-39.06211352,-16.44905618,2523425.43,17114.47,15.0,4.0,154.0,0.0,4.0,182.0,1487.0,54.0,843.0,33.0,28.0,105.0,112.0,326.0,3.0,141.0,83.0,39.0,150.0,0.0,0.0,17.0,Porto Seguro/BA
3997,Prado,BA,29273.0,Rural Adjacente,-39.22923842,-17.32956399,416557.39,14230.09,3.0,4.0,20.0,0.0,1.0,1.0,177.0,2.0,100.0,1.0,1.0,4.0,6.0,16.0,2.0,8.0,11.0,2.0,27.0,0.0,0.0,3.0,Prado/BA
4111,Recife,PE,1625583.0,Urbano,-34.88894194,-8.062762483,49544087.54,30477.73,84.0,17.0,2059.0,53.0,63.0,1967.0,13147.0,1176.0,2882.0,1123.0,818.0,767.0,3101.0,6353.0,91.0,1572.0,1698.0,489.0,2574.0,0.0,7.0,12.0,Recife/PE
4211,Rio Do Fogo,RN,10830.0,Rural Adjacente,-35.38487204,-5.27155866,108759.92,10042.47,1.0,1.0,4.0,0.0,1.0,2.0,33.0,2.0,6.0,1.0,0.0,1.0,0.0,8.0,2.0,14.0,0.0,0.0,2.0,0.0,0.0,,Rio Do Fogo/RN
4245,Rio Tinto,PB,24090.0,Urbano,-35.07885223,-6.8084485,259663.76,10778.9,3.0,0.0,18.0,0.0,0.0,3.0,107.0,10.0,5.0,3.0,0.0,3.0,7.0,9.0,3.0,10.0,4.0,3.0,27.0,0.0,0.0,1.0,Rio Tinto/PB
4286,Roteiro,AL,6788.0,Intermediário Adjacente,-35.98121022,-9.83218949,102223.05,15059.38,1.0,0.0,0.0,0.0,0.0,0.0,13.0,3.0,4.0,0.0,0.0,0.0,1.0,0.0,2.0,0.0,0.0,0.0,0.0,0.0,0.0,,Roteiro/AL
4333,Salvador,BA,2938092.0,Urbano,-38.48806148,-13.01477191,61102372.82,20796.62,83.0,27.0,2172.0,45.0,68.0,2865.0,18719.0,1410.0,3971.0,1196.0,892.0,1242.0,4529.0,7944.0,82.0,2409.0,4642.0,920.0,3376.0,0.0,3.0,17.0,Salvador/BA
4370,Santa Cruz Cabrália,BA,28394.0,Intermediário Adjacente,-39.01318258,-16.33809658,339478.48,11955.99,9.0,4.0,32.0,0.0,0.0,16.0,176.0,11.0,80.0,4.0,0.0,12.0,7.0,21.0,3.0,7.0,4.0,4.0,9.0,0.0,0.0,1.0,Santa Cruz Cabrália/BA
4533,Santo Amaro Das Brotas,SE,12086.0,Rural Adjacente,-37.0563111,-10.78201138,108685.05,8992.64,4.0,3.0,1.0,0.0,0.0,5.0,23.0,6.0,2.0,0.0,0.0,0.0,1.0,1.0,4.0,0.0,0.0,2.0,9.0,0.0,0.0,,Santo Amaro Das Brotas/SE
4534,Santo Amaro Do Maranhão,MA,15623.0,Rural Remoto,-43.25528494,-2.5027211990000002,76305.32,4884.17,1.0,0.0,1.0,0.0,0.0,0.0,12.0,1.0,4.0,1.0,0.0,0.0,0.0,3.0,1.0,1.0,0.0,0.0,5.0,0.0,0.0,,Santo Amaro Do Maranhão/MA
4648,São Francisco De Itabapoana,RJ,41240.0,Rural Adjacente,-41.11771973,-21.48013813,957607.12,23220.35,10.0,0.0,23.0,0.0,0.0,27.0,358.0,9.0,18.0,10.0,0.0,1.0,3.0,7.0,2.0,5.0,12.0,3.0,63.0,0.0,0.0,,São Francisco De Itabapoana/RJ
4672,São Gonçalo Do Amarante,CE,47791.0,Rural Adjacente,-38.97207587,-3.6056324999999996,2354173.44,49259.77,9.0,2.0,55.0,0.0,4.0,40.0,263.0,30.0,72.0,9.0,1.0,17.0,20.0,28.0,5.0,10.0,8.0,5.0,50.0,0.0,0.0,1.0,São Gonçalo Do Amarante/CE
4691,São João Da Barra,RJ,34884.0,Urbano,-41.05034815,-21.64045775,3890591.48,111529.4,4.0,1.0,33.0,1.0,3.0,38.0,290.0,38.0,52.0,7.0,2.0,5.0,21.0,42.0,5.0,38.0,17.0,19.0,46.0,0.0,0.0,,São João Da Barra/RJ
4748,São José Da Coroa Grande,PE,20654.0,Urbano,-35.14570708,-8.894195131,193308.53,9359.37,2.0,0.0,6.0,0.0,0.0,4.0,62.0,3.0,17.0,3.0,1.0,2.0,3.0,12.0,6.0,5.0,2.0,1.0,5.0,0.0,0.0,1.0,São José Da Coroa Grande/PE
4813,São Luís,MA,1082935.0,Urbano,-44.29791856,-2.531885985,28323.36,26154.25,34.0,17.0,759.0,3.0,52.0,1057.0,7746.0,469.0,1168.0,305.0,178.0,291.0,1025.0,1581.0,69.0,582.0,1130.0,248.0,1107.0,0.0,0.0,10.0,São Luís/MA
4830,São Mateus,ES,126437.0,Urbano,-39.858200599999996,-18.71844697,2020879.65,15983.29,41.0,9.0,160.0,0.0,3.0,70.0,966.0,85.0,181.0,40.0,11.0,32.0,94.0,125.0,4.0,54.0,97.0,31.0,118.0,0.0,0.0,3.0,São Mateus/ES
4853,São Miguel Dos Milagres,AL,7951.0,Rural Adjacente,-35.36911933,-9.267186295,102988.52,12952.9,0.0,0.0,2.0,0.0,0.0,2.0,36.0,1.0,21.0,0.0,0.0,0.0,0.0,2.0,2.0,1.0,0.0,0.0,3.0,0.0,0.0,2.0,São Miguel Dos Milagres/AL
4972,Senador Georgino Avelino,RN,4373.0,Rural Adjacente,-35.12417623,-6.158694334,98973.7,22632.91,1.0,0.0,0.0,0.0,0.0,0.0,10.0,0.0,1.0,0.0,0.0,0.0,1.0,1.0,2.0,0.0,0.0,0.0,5.0,0.0,0.0,,Senador Georgino Avelino/RN
4995,Serra,ES,494109.0,Urbano,-40.27521704,-20.15676984,18325917.09,37088.81,13.0,17.0,944.0,1.0,42.0,749.0,3967.0,477.0,685.0,125.0,101.0,145.0,457.0,775.0,3.0,365.0,305.0,128.0,575.0,0.0,0.0,,Serra/ES
5067,Sirinhaém,PE,44734.0,Intermediário Adjacente,-35.11640535,-8.593369500000001,562758.08,12580.1,1.0,1.0,9.0,0.0,1.0,4.0,134.0,10.0,13.0,1.0,0.0,2.0,5.0,10.0,2.0,30.0,3.0,0.0,14.0,0.0,0.0,,Sirinhaém/PE
5136,Tamandaré,PE,22850.0,Intermediário Adjacente,-35.09064655,-8.704689279,277.28,12134.82,4.0,0.0,9.0,0.0,0.0,9.0,135.0,8.0,61.0,2.0,0.0,1.0,6.0,37.0,4.0,18.0,2.0,3.0,11.0,0.0,0.0,3.0,Tamandaré/PE
5232,Tibau,RN,4060.0,Rural Adjacente,-37.25130267,-4.84143741,73698.61,18152.37,1.0,0.0,2.0,2.0,0.0,7.0,40.0,1.0,9.0,1.0,0.0,0.0,0.0,19.0,2.0,2.0,0.0,1.0,13.0,0.0,0.0,1.0,Tibau/RN
5233,Tibau Do Sul,RN,13609.0,Rural Adjacente,-35.09260037,-6.188071759,286746.78,21070.38,2.0,0.0,11.0,0.0,1.0,56.0,134.0,11.0,258.0,6.0,2.0,29.0,8.0,43.0,2.0,5.0,1.0,9.0,8.0,0.0,0.0,14.0,Tibau Do Sul/RN
5269,Touros,RN,33778.0,Rural Adjacente,-35.45529317,-5.202606801,543.01,16075.71,10.0,0.0,13.0,4.0,1.0,15.0,164.0,8.0,22.0,4.0,1.0,3.0,8.0,8.0,2.0,11.0,7.0,1.0,32.0,0.0,0.0,1.0,Touros/RN
5275,Trairi,CE,54820.0,Rural Adjacente,-39.27223187,-3.2644201689999996,644434.46,11755.46,13.0,0.0,22.0,7.0,0.0,26.0,229.0,4.0,50.0,1.0,2.0,9.0,6.0,16.0,4.0,56.0,5.0,2.0,17.0,0.0,0.0,1.0,Trairi/CE
5347,Tutóia,MA,57955.0,Rural Adjacente,-42.27684721,-2.763550197,392134.11,6766.18,0.0,0.0,6.0,1.0,0.0,11.0,179.0,2.0,8.0,1.0,0.0,1.0,5.0,5.0,2.0,4.0,5.0,2.0,8.0,0.0,0.0,1.0,Tutóia/MA
5378,Una,BA,21706.0,Rural Adjacente,-39.07471289,-15.29420806,287789.89,13258.54,9.0,1.0,17.0,0.0,1.0,6.0,128.0,5.0,16.0,1.0,1.0,0.0,7.0,9.0,3.0,5.0,4.0,4.0,20.0,0.0,0.0,,Una/BA
5404,Uruçuca,BA,21778.0,Intermediário Adjacente,-39.28380188,-14.59203545,199180.86,9145.97,5.0,0.0,13.0,0.0,0.0,4.0,140.0,6.0,21.0,1.0,0.0,3.0,1.0,12.0,2.0,8.0,4.0,1.0,18.0,0.0,0.0,3.0,Uruçuca/BA
5424,Valença,BA,98053.0,Urbano,-39.07235025,-13.37034151,1399667.98,14274.61,14.0,2.0,124.0,1.0,3.0,45.0,646.0,54.0,137.0,21.0,16.0,12.0,57.0,101.0,5.0,113.0,58.0,19.0,167.0,0.0,0.0,17.0,Valença/BA
5470,Vera Cruz,BA,43162.0,Urbano,-38.61915975,-12.93573333,521784.11,12088.97,3.0,4.0,24.0,0.0,4.0,15.0,285.0,7.0,51.0,5.0,2.0,4.0,10.0,56.0,4.0,18.0,15.0,6.0,42.0,0.0,0.0,2.0,Vera Cruz/BA
5519,Vila Velha,ES,479664.0,Urbano,-40.29395664,-20.3383741,11037697.91,23011.31,15.0,16.0,1099.0,0.0,41.0,761.0,5313.0,340.0,887.0,268.0,188.0,264.0,826.0,1561.0,3.0,391.0,533.0,172.0,781.0,0.0,0.0,4.0,Vila Velha/ES
5536,Vitória,ES,359555.0,Urbano,-40.32220873,-20.32015379,21727094.68,60427.74,30.0,16.0,535.0,4.0,17.0,850.0,4405.0,323.0,1185.0,609.0,593.0,539.0,2207.0,3129.0,55.0,568.0,1300.0,230.0,1329.0,0.0,0.0,10.0,Vitória/ES
